variant,lmax,pumping
WT,538,2
D121E,530,0
W122A,511,0
W122G,510,0
W122R,519,0
V126A,526,1
V126D,526,2
V126T,526,1
M158A,532,1
M158L,527,2
G162C,509,2
G162L,496,1
G162S,522,2
G162V,507,1
E166L,521,1
E166M,526,1
E166P,523,1
E166W,518,1
G178Q,531,2
S181A,531,2
S181G,526,2
S181P,520,2
A256C,526,1
A256D,519,1
A256G,527,2
A256S,527,2
D121A,568,0
D121G,572,0
D121K,566,0
D121L,573,0
D121N,562,0
D121M,577,0
D121P,556,0
D121Q,573,0
D121S,581,0
D121T,559,0
D121V,560,0
D121W,555,0
T125C,558,2
T125D,556,2
T125G,547,1
T125L,563,0
T125N,560,1
T125V,548,2
L129K,551,1
L129W,544,1
W222M,545,1
Y225A,546,0
P226I,544,2
P226V,543,2
D253E,552,0
D253T,546,0
A256M,558,1
G162L/E166W/A256C,480,0
G162L/E166W/A256S,474,0
G162L/E166W/S181G/A256C,485,0
G162L/E166W/S181G/A256S,486,0
E166W/S181G/A256S,489,0
T125C/A256M,576,0
T125V/A256M,577,0
T125C/W222M/A256M,568,0
D121E/G162L/E166W/A256S,458,0
W122L/G162L/E166W/A256S,458,0
W122M/G162L/E166W/A256S,459,0
L129T/G162L/E166W/A256S,466,0
M158G/G162L/E166W/A256S,468,0
G162L/E166W/G178S/A256S,465,0
G162L/E166W/Y229G/A256S,467,0
G162L/E166W/Y229T/A256S,465,0
D121E/T125C/A256M,619,0
T125C/F185T/A256M,587,0
